"ID","Clee","Nombre de la Unidad Económica","Razón social","Código de la clase de actividad SCIAN","Nombre de clase de la actividad","Descripcion estrato personal ocupado","Tipo de vialidad","Nombre de la vialidad","Tipo de entre vialidad 1","Nombre de entre vialidad 1","Tipo de entre vialidad 2","Nombre de entre vialidad 2","Tipo de entre vialidad 3","Nombre de entre vialidad 3","Número exterior o kilómetro","Letra exterior","Edificio","Edificio Piso","Número interior","Letra interior","Tipo de asentamiento humano","Nombre de asentamiento humano","Tipo centro comercial","Corredor industrial, centro comercial o mercado público","Número de local","Código Postal","Clave entidad","Entidad federativa","Clave municipio","Municipio","Clave localidad","Localidad","Área geoestadística básica ","Manzana","Número de teléfono","Correo electrónico","Sitio en Internet","Tipo de establecimiento","Latitud","Longitud","Fecha de incorporación al DENUE"
"8251049","01001327121001081000000000U6","BLOCKERA SIN NOMBRE",,"327121","Fabricación de ladrillos no refractarios","0 a 5 personas","CALLE","ALAMO","CALLE","EUCALIPTO","CALLE","LAUREL","CALLE","PINO","102","B",,,"0",,"BARRIO","LOS TISCAREÑO",,,,"20344","01","AGUASCALIENTES","001","Aguascalientes","0479","Villa Licenciado Jesús Terán (Calvillito)","3933","028","4492655998",,,"Fijo","21.82311347","-102.19095495","2019-11"
"10807546","01001327121001521000000000U1","LADRIILERA",,"327121","Fabricación de ladrillos no refractarios","0 a 5 personas","CALLE","ADOBES","CALLE","LADRILLERAS","CALLE","CUMBRES","CALLE","CUÑAS","0","SN",,,,,"FRACCIONAMIENTO","LOTES DE ARELLANO",,,,"20340","01","AGUASCALIENTES","001","Aguascalientes","0992","Lotes de Arellano","1763","004",,,,"Fijo","21.79600247","-102.26931802","2024-11"
"8251030","01001327121001051000000000U9","LADRILLERA",,"327121","Fabricación de ladrillos no refractarios","0 a 5 personas","CALLE","TABIQUES","CALLE","CALLE DE LA QUEMA","CALLE","LADRILLERAS","CALLE","ADOBES","0","SN",,,"0",,"FRACCIONAMIENTO","LOTES DE ARELLANO",,,,"20340","01","AGUASCALIENTES","001","Aguascalientes","0992","Lotes de Arellano","1763","002",,,,"Fijo","21.79696201","-102.26557817","2019-11"
"9599721","01001327121001221000000000U8","LADRILLERA",,"327121","Fabricación de ladrillos no refractarios","0 a 5 personas","CALLE","CUÑAS","CALLE","CALLE DE LA QUEMA","CALLE","LADRILLERAS","CALLE","CALLE DEL HORNO","0","SN",,,,,"FRACCIONAMIENTO","LOTES DE ARELLANO",,,,"20340","01","AGUASCALIENTES","001","Aguascalientes","0992","Lotes de Arellano","1763","012",,,,"Fijo","21.79490846","-102.26688613","2024-11"
"9640722","01001327121001291000000000U1","LADRILLERA",,"327121","Fabricación de ladrillos no refractarios","0 a 5 personas","CALLE","ADOBES","CALLE","LADRILLERAS","CALLE","CUMBRES","CALLE","TABIQUES","0","SN",,,,,"FRACCIONAMIENTO","LOTES DE ARELLANO",,,,"20340","01","AGUASCALIENTES","001","Aguascalientes","0992","Lotes de Arellano","1763","001",,,,"Fijo","21.79606049","-102.26727718","2024-11"
"9726627","01001327121001261000000000U4","LADRILLERA",,"327121","Fabricación de ladrillos no refractarios","0 a 5 personas","CALLE","TABIQUES","CALLE","CUMBRES","CALLE","BARRANCO","CALLE","ADOBES","0","SN",,,,,"FRACCIONAMIENTO","LOTES DE ARELLANO",,,,"20340","01","AGUASCALIENTES","001","Aguascalientes","0992","Lotes de Arellano","1763","006",,,,"Fijo","21.79721694","-102.27033123","2024-11"
"10064586","01001327121001251000000000U5","LADRILLERA",,"327121","Fabricación de ladrillos no refractarios","0 a 5 personas","CALLE","ADOBES","CALLE","LADRILLERAS","CALLE","CUMBRES","CALLE","TABIQUES","0","SN",,,,,"FRACCIONAMIENTO","LOTES DE ARELLANO",,,,"20340","01","AGUASCALIENTES","001","Aguascalientes","0992","Lotes de Arellano","1763","001",,,,"Fijo","21.79607721","-102.26810332","2024-11"
"10153498","01001327121001281000000000U2","LADRILLERA",,"327121","Fabricación de ladrillos no refractarios","0 a 5 personas","CALLE","ADOBES","CALLE","LADRILLERAS","CALLE","CUMBRES","CALLE","TABIQUES","0","SN",,,,,"FRACCIONAMIENTO","LOTES DE ARELLANO",,,,"20340","01","AGUASCALIENTES","001","Aguascalientes","0992","Lotes de Arellano","1763","001",,,,"Fijo","21.79609301","-102.26944455","2024-11"
"10480015","01001327121001421000000000U4","LADRILLERA",,"327121","Fabricación de ladrillos no refractarios","0 a 5 personas","CALLE","CUÑAS","CALLE","CALLE DE LA QUEMA","CALLE","LADRILLERAS","CALLE","CALLE DEL HORNO","0","SN",,,,,"FRACCIONAMIENTO","LOTES DE ARELLANO",,,,"20340","01","AGUASCALIENTES","001","Aguascalientes","0992","Lotes de Arellano","1763","012",,,,"Fijo","21.79487388","-102.26589475","2024-11"
"10670316","01001327121001211000000000U9","LADRILLERA",,"327121","Fabricación de ladrillos no refractarios","0 a 5 personas","CALLE","ARCILLA","CALLE","CALLE DE LA QUEMA","CALLE","LADRILLERAS","CALLE","TABIQUES","0","SN",,,,,"FRACCIONAMIENTO","LOTES DE ARELLANO",,,,"20340","01","AGUASCALIENTES","001","Aguascalientes","0992","Lotes de Arellano","1763","009",,,,"Fijo","21.79803194","-102.26621203","2024-11"
"10755730","01001327121001301000000000U8","LADRILLERA",,"327121","Fabricación de ladrillos no refractarios","0 a 5 personas","CALLE","ADOBES","CALLE","BARRANCO","CALLE","CUMBRES","CALLE","CUÑAS","19",,,,,,"FRACCIONAMIENTO","LOTES DE ARELLANO",,,,"20340","01","AGUASCALIENTES","001","Aguascalientes","0992","Lotes de Arellano","1763","005",,,,"Fijo","21.79666788","-102.27285703","2024-11"
"11314553","01001327121001411000000000U5","LADRILLERA",,"327121","Fabricación de ladrillos no refractarios","0 a 5 personas","CALLE","CUÑAS","CALLE","CALLE DE LA QUEMA","CALLE","LADRILLERAS","CALLE","ADOBES","0","SN",,,,,"FRACCIONAMIENTO","LOTES DE ARELLANO",,,,"20340","01","AGUASCALIENTES","001","Aguascalientes","0992","Lotes de Arellano","1763","003",,,,"Fijo","21.79496344","-102.26658496","2024-11"
"11429105","01001327121001271000000000U3","LADRILLERA",,"327121","Fabricación de ladrillos no refractarios","0 a 5 personas","CALLE","ADOBES","CALLE","CUMBRES","CALLE","BARRANCO","CALLE","TABIQUES","0","SN",,,,,"FRACCIONAMIENTO","LOTES DE ARELLANO",,,,"20340","01","AGUASCALIENTES","001","Aguascalientes","0992","Lotes de Arellano","1763","006",,,,"Fijo","21.79623661","-102.27036813","2024-11"
"10678646","01001327121001471000000000U9","LADRILLERA",,"327121","Fabricación de ladrillos no refractarios","0 a 5 personas","CARRETERA","NINGUNO","OTRO(ESPECIFIQUE)","NINGUNO","OTRO(ESPECIFIQUE)","NINGUNO","OTRO(ESPECIFIQUE)","NINGUNO",,"DOMICILIO CONOCIDO",,,"2",,"RANCHO","LOS PARGA EL RANCHO",,,,"20392","01","AGUASCALIENTES","001","Aguascalientes","0569","Los Pargas [Rancho]","1763","800",,,,"Fijo","21.81176513","-102.25526549","2024-11"
"11145482","01001327121001481000000000U8","LADRILLERA",,"327121","Fabricación de ladrillos no refractarios","0 a 5 personas","CARRETERA","LOCALIDAD 800","OTRO(ESPECIFIQUE)","NINGUNO","OTRO(ESPECIFIQUE)","NINGUNO","OTRO(ESPECIFIQUE)","NINGUNO",,"DOMICILIO CONOCIDO",,,"3",,"RANCHO","LOS PARGA EL RANCHO",,,,"20392","01","AGUASCALIENTES","001","Aguascalientes","0569","Los Pargas [Rancho]","1763","800",,,,"Fijo","21.81176513","-102.25526549","2024-11"
"10447505","01001327121001451000000000U1","LADRILLERA",,"327121","Fabricación de ladrillos no refractarios","0 a 5 personas","OTRO(ESPECIFIQUE)","NINGUNO","OTRO(ESPECIFIQUE)","NINGUNO","OTRO(ESPECIFIQUE)","NINGUNO","OTRO(ESPECIFIQUE)","NINGUNO","0","SN",,,,,"LOCALIDAD","LOMAS DE ARELLANO",,,,"20394","01","AGUASCALIENTES","001","Aguascalientes","0988","Lomas de Arellano","1763","800",,,,"Fijo","21.78176905","-102.25967851","2024-11"
"9746598","01001327121001442000000000U0","LADRILLERA",,"327121","Fabricación de ladrillos no refractarios","6 a 10 personas","OTRO(ESPECIFIQUE)","NINGUNO","OTRO(ESPECIFIQUE)","NINGUNO","OTRO(ESPECIFIQUE)","NINGUNO","OTRO(ESPECIFIQUE)","NINGUNO","0","SN",,,,,"LOCALIDAD","NORIAS DE OJOCALIENTE",,,,"20367","01","AGUASCALIENTES","001","Aguascalientes","0293","Norias de Ojocaliente","3929","800","4491118034",,,"Fijo","21.88314402","-102.22002152","2024-11"
"10272915","01001327121001501000000000U3","LADRILLERA",,"327121","Fabricación de ladrillos no refractarios","0 a 5 personas","OTRO(ESPECIFIQUE)","NINGUNO","OTRO(ESPECIFIQUE)","NINGUNO","OTRO(ESPECIFIQUE)","NINGUNO","OTRO(ESPECIFIQUE)","NINGUNO","0","SN",,,,,"LOCALIDAD","CAÑADA GRANDE DE COTORINA",,,,"20394","01","AGUASCALIENTES","001","Aguascalientes","0125","Cañada Grande de Cotorina","1763","800",,,,"Fijo","21.76891249","-102.2400644","2024-11"
"10475410","01001327121001321000000000U6","LADRILLERA",,"327121","Fabricación de ladrillos no refractarios","0 a 5 personas","OTRO(ESPECIFIQUE)","NINGUNO","OTRO(ESPECIFIQUE)","NINGUNO","OTRO(ESPECIFIQUE)","NINGUNO","OTRO(ESPECIFIQUE)","NINGUNO","0","SN",,,,,"RANCHO","SAN MIGUELITO RANCHO",,,,"20394","01","AGUASCALIENTES","001","Aguascalientes","2206","San Miguelito                                                                                                 ","1763","800",,,,"Fijo","21.78211836","-102.22834895","2024-11"
"11029323","01001327121001511000000000U2","LADRILLERA",,"327121","Fabricación de ladrillos no refractarios","0 a 5 personas","OTRO(ESPECIFIQUE)","NINGUNO","OTRO(ESPECIFIQUE)","NINGUNO","OTRO(ESPECIFIQUE)","NINGUNO","OTRO(ESPECIFIQUE)","NINGUNO","0","SN",,,,,"LOCALIDAD","CAÑADA GRANDE DE COTORINA",,,,"20394","01","AGUASCALIENTES","001","Aguascalientes","0125","Cañada Grande de Cotorina","1763","800",,,,"Fijo","21.76534709","-102.23902806","2024-11"
"11119225","01001327121001331000000000U5","LADRILLERA",,"327121","Fabricación de ladrillos no refractarios","0 a 5 personas","OTRO(ESPECIFIQUE)","NINGUNO","OTRO(ESPECIFIQUE)","NINGUNO","OTRO(ESPECIFIQUE)","NINGUNO","OTRO(ESPECIFIQUE)","NINGUNO","0","SN",,,,,"RANCHO","SAN MIGUELITO RANCHO",,,,"20394","01","AGUASCALIENTES","001","Aguascalientes","2206","San Miguelito                                                                                                 ","1763","800",,,,"Fijo","21.7820911","-102.22836834","2024-11"
"11317794","01001327121001491000000000U7","LADRILLERA",,"327121","Fabricación de ladrillos no refractarios","0 a 5 personas","OTRO(ESPECIFIQUE)","NINGUNO","OTRO(ESPECIFIQUE)","NINGUNO","OTRO(ESPECIFIQUE)","NINGUNO","OTRO(ESPECIFIQUE)","NINGUNO","0","SN",,,,,"LOCALIDAD","CAÑADA GRANDE DE COTORINA",,,,"20394","01","AGUASCALIENTES","001","Aguascalientes","0125","Cañada Grande de Cotorina","1763","800",,,,"Fijo","21.76906952","-102.23830593","2024-11"
"11605628","01001327121001552000000000U6","LADRILLERA",,"327121","Fabricación de ladrillos no refractarios","6 a 10 personas","OTRO(ESPECIFIQUE)","NINGUNO","OTRO(ESPECIFIQUE)","NINGUNO","OTRO(ESPECIFIQUE)","NINGUNO","OTRO(ESPECIFIQUE)","NINGUNO","0","SN",,,,,"RANCHO","SAN MIGUELITO RANCHO",,,,"20394","01","AGUASCALIENTES","001","Aguascalientes","2206","San Miguelito                                                                                                 ","1763","800",,,,"Fijo","21.77724229","-102.2297108","2024-11"
"10775391","01001327121001341000000000U4","LADRILLERA",,"327121","Fabricación de ladrillos no refractarios","0 a 5 personas","OTRO(ESPECIFIQUE)","NINGUNO","OTRO(ESPECIFIQUE)","NINGUNO","OTRO(ESPECIFIQUE)","NINGUNO","OTRO(ESPECIFIQUE)","NINGUNO","0","SN",,,,,"LOCALIDAD","NORIAS DE OJOCALIENTE",,,,"20367","01","AGUASCALIENTES","001","Aguascalientes","0293","Norias de Ojocaliente","3929","800","4493931970",,,"Fijo","21.88524755","-102.21522068","2024-11"
"11491419","01001327121001351000000000U3","LADRILLERA",,"327121","Fabricación de ladrillos no refractarios","0 a 5 personas","OTRO(ESPECIFIQUE)","NINGUNO","OTRO(ESPECIFIQUE)","NINGUNO","OTRO(ESPECIFIQUE)","NINGUNO","OTRO(ESPECIFIQUE)","NINGUNO","0","SN",,,,,"LOCALIDAD","NORIAS DE OJOCALIENTE",,,,"20367","01","AGUASCALIENTES","001","Aguascalientes","0293","Norias de Ojocaliente","3929","800","4491127805",,,"Fijo","21.88403477","-102.2126999","2024-11"
"8250254","01001327121000901000000000U6","LADRILLERA ANDRES",,"327121","Fabricación de ladrillos no refractarios","0 a 5 personas","CALLE","CUÑAS","CALLE","LADRILLERAS","CALLE","CUMBRES","CALLE","ADOBES","0","SN",,,"0",,"FRACCIONAMIENTO","LOTES DE ARELLANO",,,,"20340","01","AGUASCALIENTES","001","Aguascalientes","0992","Lotes de Arellano","1763","004",,,,"Fijo","21.79505803","-102.26959796","2019-11"
"8251023","01001327121001001000000000U4","LADRILLERA ARANDA",,"327121","Fabricación de ladrillos no refractarios","0 a 5 personas","CALLE","LOPEZ MATEOS","CALLE","LADRILLERAS","CALLE","CUMBRES","CALLE","ARCILLA","0","SN",,,"0",,"FRACCIONAMIENTO","LOTES DE ARELLANO",,,,"20340","01","AGUASCALIENTES","001","Aguascalientes","0992","Lotes de Arellano","1763","014",,,,"Fijo","21.79910917","-102.26786641","2019-11"
"6912084","01001327121000331000000000U6","LADRILLERA ARTURO ROQUE",,"327121","Fabricación de ladrillos no refractarios","0 a 5 personas","CALLE","ARCILLA","CALLE","CUMBRES","CALLE","LADRILLERAS","CALLE","TABIQUES","0","SN",,,"0",,"FRACCIONAMIENTO","LOTES DE ARELLANO",,,,"20340","01","AGUASCALIENTES","001","Aguascalientes","0992","Lotes de Arellano","1763","008",,,,"Fijo","21.79806563","-102.26771854","2019-11"
"8250262","01001327121000941000000000U2","LADRILLERA BERNARDO",,"327121","Fabricación de ladrillos no refractarios","0 a 5 personas","CALLE","ARCILLA","CALLE","CALLE DE LA QUEMA","CALLE","LADRILLERAS","CALLE","TABIQUES","1",,,,"0",,"FRACCIONAMIENTO","LOTES DE ARELLANO",,,,"20340","01","AGUASCALIENTES","001","Aguascalientes","0992","Lotes de Arellano","1763","009",,,,"Fijo","21.79802507","-102.26493883","2019-11"
"6912074","01001327121000241000000000U7","LADRILLERA CASTAÑEDA",,"327121","Fabricación de ladrillos no refractarios","0 a 5 personas","CALLE","TABIQUES","CALLE","LADRILLERAS","CALLE","CUMBRES","CALLE","ADOBES","11",,,,"0",,"FRACCIONAMIENTO","LOTES DE ARELLANO",,,,"20340","01","AGUASCALIENTES","001","Aguascalientes","0992","Lotes de Arellano","1763","001",,,,"Fijo","21.79699498","-102.26750258","2019-11"
"7066368","01001327121000601000000000U2","LADRILLERA CASTAÑEDA",,"327121","Fabricación de ladrillos no refractarios","0 a 5 personas","CALLE","CUÑAS","CALLE","CALLE DE LA QUEMA","OTRO(ESPECIFIQUE)","NINGUNO","CALLE","ADOBES",,"SN",,,,,"FRACCIONAMIENTO","LOTES DE ARELLANO",,,,"20340","01","AGUASCALIENTES","001","Aguascalientes","0992","Lotes de Arellano","1763","010",,,,"Fijo","21.79491419","-102.26357205","2019-11"
"6912133","01001327121000372000000000U0","LADRILLERA CASTAÑEDAD",,"327121","Fabricación de ladrillos no refractarios","0 a 5 personas","CALLE","ARCILLA","CALLE","LADRILLERAS","CALLE","CUMBRES","CALLE","LOPEZ MATEOS","0","SN",,,"0",,"FRACCIONAMIENTO","LOTES DE ARELLANO",,,,"20340","01","AGUASCALIENTES","001","Aguascalientes","0992","Lotes de Arellano","1763","014",,,,"Fijo","21.7981381","-102.26779643","2019-11"
"7066359","01001327121000541000000000U0","LADRILLERA CHAVEZ II",,"327121","Fabricación de ladrillos no refractarios","0 a 5 personas","CALLE","ADOBES","CALLE","CALLE DE LA QUEMA","OTRO(ESPECIFIQUE)","NINGUNO","CALLE","CUÑAS","105",,,,,,"FRACCIONAMIENTO","LOTES DE ARELLANO",,,,"20340","01","AGUASCALIENTES","001","Aguascalientes","0992","Lotes de Arellano","1763","010",,,,"Fijo","21.79587472","-102.26448751","2019-11"
"7066360","01001327121000551000000000U9","LADRILLERA CHAVEZ TRES",,"327121","Fabricación de ladrillos no refractarios","0 a 5 personas","CALLE","CUÑAS","CALLE","CALLE DE LA QUEMA","OTRO(ESPECIFIQUE)","NINGUNO","CALLE","ADOBES",,"SN",,,,,"FRACCIONAMIENTO","LOTES DE ARELLANO",,,,"20340","01","AGUASCALIENTES","001","Aguascalientes","0992","Lotes de Arellano","1763","010",,,,"Fijo","21.79493132","-102.26416493","2019-11"
"7066364","01001327121000562000000000U6","LADRILLERA COLLAZO",,"327121","Fabricación de ladrillos no refractarios","0 a 5 personas","CALLE","CALLE DEL HORNO","OTRO(ESPECIFIQUE)","NINGUNO","CALLE","CALLE DE LA QUEMA","CALLE","CUÑAS","412",,,,"0",,"FRACCIONAMIENTO","LOTES DE ARELLANO",,,,"20340","01","AGUASCALIENTES","001","Aguascalientes","0992","Lotes de Arellano","1763","011",,,,"Fijo","21.79387128","-102.26305491","2019-11"
"8251033","01001327121001071000000000U7","LADRILLERA CORDOBA",,"327121","Fabricación de ladrillos no refractarios","0 a 5 personas","CALLE","TABIQUES","OTRO(ESPECIFIQUE)","NINGUNO","CALLE","LISTONES","CALLE","LOPEZ MATEOS","116",,,,,,"FRACCIONAMIENTO","LOTES DE ARELLANO",,,,"20340","01","AGUASCALIENTES","001","Aguascalientes","0992","Lotes de Arellano","1763","007",,,,"Fijo","21.79758653","-102.27177038","2019-11"
"11222483","01001327121001242000000000U4","LADRILLERA CRUZ",,"327121","Fabricación de ladrillos no refractarios","6 a 10 personas","CALLE","CUÑAS","CALLE","LADRILLERAS","CALLE","CUMBRES","CALLE","ADOBES","0","SN",,,,,"FRACCIONAMIENTO","LOTES DE ARELLANO",,,,"20340","01","AGUASCALIENTES","001","Aguascalientes","0992","Lotes de Arellano","1763","004",,,,"Fijo","21.79499774","-102.26774156","2024-11"
"49707","01005327121000141000000000U0","LADRILLERA DE CARLOS",,"327121","Fabricación de ladrillos no refractarios","0 a 5 personas","OTRO(ESPECIFIQUE)","RIO","PRIVADA","CULEBRAS","PRIVADA","NINGUNO","CALLE","MIGUEL HIDALGO","0","SN",,,,,"COLONIA","LOS RAMIREZ",,,,"20904","01","AGUASCALIENTES","005","Jesús María","0076","Los Ramírez","0035","004","4492243693",,,"Fijo","21.97107514","-102.33003528","2014-12"
"6912086","01001327121000341000000000U5","LADRILLERA DE CARLOS URZUA",,"327121","Fabricación de ladrillos no refractarios","0 a 5 personas","CALLE","TABIQUES","CALLE","CUMBRES","CALLE","LADRILLERAS","CALLE","ARCILLA","0","SN",,,"0",,"FRACCIONAMIENTO","LOTES DE ARELLANO",,,,"20340","01","AGUASCALIENTES","001","Aguascalientes","0992","Lotes de Arellano","1763","008",,,,"Fijo","21.7971192","-102.26913561","2019-11"
"8251084","01001327121001101000000000U2","LADRILLERA DE JUAN LUIS",,"327121","Fabricación de ladrillos no refractarios","0 a 5 personas","CALLE","CUÑAS","CALLE","LADRILLERAS","OTRO(ESPECIFIQUE)","NINGUNO","CALLE","CALLE DEL HORNO","24",,,,,,"FRACCIONAMIENTO","LOTES DE ARELLANO",,,,"20340","01","AGUASCALIENTES","001","Aguascalientes","0992","Lotes de Arellano","1763","013",,,,"Fijo","21.79534469","-102.27174639","2019-11"
"8251083","01001327121001091000000000U5","LADRILLERA DE MARCELINO",,"327121","Fabricación de ladrillos no refractarios","0 a 5 personas","CALLE","CUÑAS","CALLE","LADRILLERAS","OTRO(ESPECIFIQUE)","NINGUNO","CALLE","CALLE DEL HORNO","25",,,,,,"FRACCIONAMIENTO","LOTES DE ARELLANO",,,,"20340","01","AGUASCALIENTES","001","Aguascalientes","0992","Lotes de Arellano","1763","013",,,,"Fijo","21.79531771","-102.27160055","2019-11"
"8515229","01001327121000171000000000U6","LADRILLERA DE PEDRO",,"327121","Fabricación de ladrillos no refractarios","0 a 5 personas","CALLE","TABIQUES","CALLE","CALLE DE LA QUEMA","CALLE","LADRILLERAS","CALLE","ADOBES","0","SN",,,"0",,"FRACCIONAMIENTO","LOTES DE ARELLANO",,,,"20340","01","AGUASCALIENTES","001","Aguascalientes","0992","Lotes de Arellano","1763","002",,,,"Fijo","21.79697895","-102.26627797","2019-11"
"11355395","01005327121000371000000000U3","LADRILLERA DON NETO",,"327121","Fabricación de ladrillos no refractarios","0 a 5 personas","CALLE","NINGUNO","CALLE","PLAN DE AYUTLA","OTRO(ESPECIFIQUE)","NINGUNO","OTRO(ESPECIFIQUE)","NINGUNO","0","SN",,,,,"LOCALIDAD","LA ESCALERA",,,,"20922","01","AGUASCALIENTES","005","Jesús María","0001","Jesús María","0497","800",,,,"Fijo","21.97894514","-102.3504727","2024-11"
"8250256","01001327121000911000000000U5","LADRILLERA DURON",,"327121","Fabricación de ladrillos no refractarios","0 a 5 personas","CALLE","CUÑAS","CALLE","LADRILLERAS","CALLE","CUMBRES","CALLE","ADOBES","302",,,,"0",,"FRACCIONAMIENTO","LOTES DE ARELLANO",,,,"20340","01","AGUASCALIENTES","001","Aguascalientes","0992","Lotes de Arellano","1763","004",,,,"Fijo","21.79498931","-102.26737223","2019-11"
"7461376","01005327121000311000000000U9","LADRILLERA EL BARRENO",,"327121","Fabricación de ladrillos no refractarios","0 a 5 personas",,"NINGUNO",,"NINGUNO",,"NINGUNO",,"NINGUNO",,"SN",,,,,"LOCALIDAD","LA CARTUJA",,,,"20916","01","AGUASCALIENTES","005","Jesús María","0375","El Barreno","0054","001","4492333446",,,"Fijo","21.98208806","-102.33677357","2019-11"
"10643759","01005327121000412000000000U5","LADRILLERA EL CAMPION",,"327121","Fabricación de ladrillos no refractarios","6 a 10 personas","OTRO(ESPECIFIQUE)","NINGUNO","OTRO(ESPECIFIQUE)","NINGUNO","OTRO(ESPECIFIQUE)","NINGUNO","OTRO(ESPECIFIQUE)","NINGUNO","0","SN",,,,,"LOCALIDAD","PASO BLANCO",,,,"20905","01","AGUASCALIENTES","005","Jesús María","0066","Paso Blanco","0035","800","4492225349",,,"Fijo","21.96951385","-102.3214775","2024-11"
"7066369","01001327121000611000000000U1","LADRILLERA ELADIO",,"327121","Fabricación de ladrillos no refractarios","0 a 5 personas","CALLE","CUÑAS","CALLE","CALLE DE LA QUEMA","OTRO(ESPECIFIQUE)","NINGUNO","CALLE","ADOBES","235",,,,,,"FRACCIONAMIENTO","LOTES DE ARELLANO",,,,"20340","01","AGUASCALIENTES","001","Aguascalientes","0992","Lotes de Arellano","1763","010","4495657384",,,"Fijo","21.79490569","-102.26323188","2019-11"
"10156062","01002327121000021000000000U1","LADRILLERA FRANCISCO",,"327121","Fabricación de ladrillos no refractarios","0 a 5 personas","CALLE","NINGUNO","CALLE","NINGUNO","CALLE","EMILIANO ZAPATA","CALLE","NINGUNO",,"SN",,,,,"LOCALIDAD","GUADALUPE DE ATLAS",,,,"20720","01","AGUASCALIENTES","002","Asientos","0025","Guadalupe de Atlas                                                                                            ","0391","036",,,,"Fijo","22.26093461","-102.03067211","2024-11"
"8250263","01001327121000951000000000U1","LADRILLERA IBARRA",,"327121","Fabricación de ladrillos no refractarios","0 a 5 personas","CALLE","ARCILLA","CALLE","CALLE DE LA QUEMA","CALLE","LADRILLERAS","CALLE","TABIQUES","0","SN",,,"0",,"FRACCIONAMIENTO","LOTES DE ARELLANO",,,,"20340","01","AGUASCALIENTES","001","Aguascalientes","0992","Lotes de Arellano","1763","009",,,,"Fijo","21.7980331","-102.26554142","2019-11"
"8515230","01001327121000181000000000U5","LADRILLERA JORGE",,"327121","Fabricación de ladrillos no refractarios","0 a 5 personas","CALLE","ADOBES","CALLE","CALLE DE LA QUEMA","CALLE","LADRILLERAS","CALLE","TABIQUES","3","B",,,"0",,"FRACCIONAMIENTO","LOTES DE ARELLANO",,,,"20340","01","AGUASCALIENTES","001","Aguascalientes","0992","Lotes de Arellano","1763","002",,,,"Fijo","21.79601721","-102.26607196","2019-11"
"6912514","01001327121000461000000000U1","LADRILLERA JOSE",,"327121","Fabricación de ladrillos no refractarios","0 a 5 personas","CALLE","ADOBES","CALLE","BARRANCO","CALLE","CUMBRES","CALLE","CUÑAS","0","SN",,,"0",,"FRACCIONAMIENTO","LOTES DE ARELLANO",,,,"20340","01","AGUASCALIENTES","001","Aguascalientes","0992","Lotes de Arellano","1763","005",,,,"Fijo","21.7964159","-102.27164166","2019-11"
"7066367","01001327121000591000000000U5","LADRILLERA JOSE CHAVEZ",,"327121","Fabricación de ladrillos no refractarios","0 a 5 personas","CALLE","CUÑAS","CALLE","CALLE DE LA QUEMA","OTRO(ESPECIFIQUE)","NINGUNO","CALLE","ADOBES","0","SN",,,"0",,"FRACCIONAMIENTO","LOTES DE ARELLANO",,,,"20340","01","AGUASCALIENTES","001","Aguascalientes","0992","Lotes de Arellano","1763","010",,,,"Fijo","21.79493959","-102.26463145","2019-11"
"7066425","01001327121000681000000000U4","LADRILLERA JOSE LUIS",,"327121","Fabricación de ladrillos no refractarios","0 a 5 personas","CALLE","CALLE DE LA QUEMA","CALLE","CUÑAS","CALLE","CALLE DEL HORNO","CALLE","LADRILLERAS","0","SN",,,"0",,"FRACCIONAMIENTO","LOTES DE ARELLANO",,,,"20340","01","AGUASCALIENTES","001","Aguascalientes","0992","Lotes de Arellano","1763","012",,,,"Fijo","21.79422192","-102.26499934","2019-11"
"7066426","01001327121000692000000000U1","LADRILLERA JUAN REFUGIO",,"327121","Fabricación de ladrillos no refractarios","0 a 5 personas","CALLE","CALLE DE LA QUEMA","CALLE","CUÑAS","CALLE","CALLE DEL HORNO","CALLE","LADRILLERAS","0","SN",,,"0",,"FRACCIONAMIENTO","LOTES DE ARELLANO",,,,"20340","01","AGUASCALIENTES","001","Aguascalientes","0992","Lotes de Arellano","1763","012",,,,"Fijo","21.79463947","-102.26498073","2019-11"
"9845749","01007327121000071000000000U5","LADRILLERA LA MEZQUITERA",,"327121","Fabricación de ladrillos no refractarios","0 a 5 personas","CALLE","JUAN PABLO II","CALLE","JUAN PABLO II","AVENIDA","UNIVERSIDAD","CALLE","JUAN PABLO II","0","SN",,,,,"COLONIA","INDEPENDENCIA",,,,"20410","01","AGUASCALIENTES","007","Rincón de Romos","0001","Rincón de Romos","0063","046","4651254102",,,"Fijo","22.22308939","-102.31423932","2024-11"
"11686314","01005327121000362000000000U2","LADRILLERA LOS VENADOS",,"327121","Fabricación de ladrillos no refractarios","6 a 10 personas","CALLE","NINGUNO","CALLE","PLAN DE AYUTLA","OTRO(ESPECIFIQUE)","NINGUNO","OTRO(ESPECIFIQUE)","NINGUNO","0","SN",,,,,"LOCALIDAD","LA ESCALERA",,,,"20922","01","AGUASCALIENTES","005","Jesús María","0001","Jesús María","0497","800",,,,"Fijo","21.97892699","-102.35047266","2024-11"
"8797194","01001327121000821000000000U6","LADRILLERA MANUEL URZUA",,"327121","Fabricación de ladrillos no refractarios","0 a 5 personas","CALLE","TABIQUES","CALLE","CUMBRES","CALLE","LADRILLERAS","CALLE","ARCILLA","0","SN",,,"0",,"FRACCIONAMIENTO","LOTES DE ARELLANO",,,,"20340","01","AGUASCALIENTES","001","Aguascalientes","0992","Lotes de Arellano","1763","008",,,,"Fijo","21.7971303","-102.26797908","2019-11"
"7066312","01001327121000511000000000U3","LADRILLERA MARQUEZ",,"327121","Fabricación de ladrillos no refractarios","0 a 5 personas","CALLE","CALLE DEL HORNO","OTRO(ESPECIFIQUE)","NINGUNO","CALLE","CALLE DE LA QUEMA","CALLE","CUÑAS","408",,,,"0",,"FRACCIONAMIENTO","LOTES DE ARELLANO",,,,"20340","01","AGUASCALIENTES","001","Aguascalientes","0992","Lotes de Arellano","1763","011","4491141318",,,"Fijo","21.79388011","-102.26320071","2019-11"
"8196032","01001327121000751000000000U5","LADRILLERA MARTINEZ",,"327121","Fabricación de ladrillos no refractarios","0 a 5 personas","CALLE","TABIQUES","CALLE","CUMBRES","CALLE","LADRILLERAS","CALLE","ARCILLA","0","SN",,,"0",,"FRACCIONAMIENTO","LOTES DE ARELLANO",,,,"20340","01","AGUASCALIENTES","001","Aguascalientes","0992","Lotes de Arellano","1763","008",,,,"Fijo","21.79712955","-102.26840671","2019-11"
"9972911","01005327121000342000000000U4","LADRILLERA MATERIALES EL VIL",,"327121","Fabricación de ladrillos no refractarios","6 a 10 personas","OTRO(ESPECIFIQUE)","NINGUNO","OTRO(ESPECIFIQUE)","NINGUNO","OTRO(ESPECIFIQUE)","NINGUNO","OTRO(ESPECIFIQUE)","NINGUNO","0","SN",,,,,"LOCALIDAD","PASO BLANCO",,,,"20905","01","AGUASCALIENTES","005","Jesús María","0066","Paso Blanco","0035","800","4492751902",,,"Fijo","21.96955022","-102.32144839","2024-11"
"8251021","01001327121000981000000000U8","LADRILLERA MEDINA",,"327121","Fabricación de ladrillos no refractarios","0 a 5 personas","CALLE","LOPEZ MATEOS","CALLE","LADRILLERAS","CALLE","CUMBRES","CALLE","ARCILLA","10",,,,"0",,"FRACCIONAMIENTO","LOTES DE ARELLANO",,,,"20340","01","AGUASCALIENTES","001","Aguascalientes","0992","Lotes de Arellano","1763","014",,,,"Fijo","21.79919913","-102.26832338","2019-11"
"9035727","01001327121000831000000000U5","LADRILLERA MEDINA",,"327121","Fabricación de ladrillos no refractarios","0 a 5 personas","CALLE","TABIQUES","CALLE","CALLE DE LA QUEMA","CALLE","LADRILLERAS","CALLE","ARCILLA","0","SN",,,"0",,"FRACCIONAMIENTO","LOTES DE ARELLANO",,,,"20340","01","AGUASCALIENTES","001","Aguascalientes","0992","Lotes de Arellano","1763","009",,,,"Fijo","21.79706256","-102.26517018","2019-11"
"11091736","01005327121000422000000000U4","LADRILLERA MIGUEL",,"327121","Fabricación de ladrillos no refractarios","6 a 10 personas","CALLE","AGUSTIN MELGAR","OTRO(ESPECIFIQUE)","NINGUNO","OTRO(ESPECIFIQUE)","NINGUNO","OTRO(ESPECIFIQUE)","NINGUNO","0","SN",,,,,"LOCALIDAD","PASO BLANCO",,,,"20905","01","AGUASCALIENTES","005","Jesús María","0066","Paso Blanco","0035","800",,,,"Fijo","21.97620682","-102.31996567","2024-11"
"8196031","01001327121000741000000000U6","LADRILLERA MONTOYA",,"327121","Fabricación de ladrillos no refractarios","0 a 5 personas","CALLE","ADOBES","CALLE","LADRILLERAS","CALLE","CUMBRES","CALLE","TABIQUES","0","SN",,,"0",,"FRACCIONAMIENTO","LOTES DE ARELLANO",,,,"20340","01","AGUASCALIENTES","001","Aguascalientes","0992","Lotes de Arellano","1763","001",,,,"Fijo","21.79606842","-102.26793808","2019-11"
"7621832","01001327121000201000000000U1","LADRILLERA MORALES",,"327121","Fabricación de ladrillos no refractarios","0 a 5 personas","CALLE","CUÑAS","CALLE","LADRILLERAS","CALLE","CUMBRES","CALLE","ADOBES","0","SN",,,"0",,"FRACCIONAMIENTO","LOTES DE ARELLANO",,,,"20340","01","AGUASCALIENTES","001","Aguascalientes","0992","Lotes de Arellano","1763","004",,,,"Fijo","21.79500629","-102.26804286","2019-11"
"8434072","01001327121000721000000000U8","LADRILLERA NAVARRETE",,"327121","Fabricación de ladrillos no refractarios","6 a 10 personas","CALLE","ADOBES","CALLE","BARRANCO","CALLE","CUMBRES","CALLE","CUÑAS","0","SN",,,"0",,"FRACCIONAMIENTO","LOTES DE ARELLANO",,,,"20340","01","AGUASCALIENTES","001","Aguascalientes","0992","Lotes de Arellano","1763","005",,,,"Fijo","21.79610086","-102.27014432","2019-11"
"8250261","01001327121000931000000000U3","LADRILLERA PADILLA",,"327121","Fabricación de ladrillos no refractarios","0 a 5 personas","CALLE","EZEQUIEL PADILLA","CALLE","NINGUNO","OTRO(ESPECIFIQUE)","NINGUNO","CALLE","NINGUNO",,"SN",,,,,"LOCALIDAD","LOMAS DE ARELLANO",,,,"20394","01","AGUASCALIENTES","001","Aguascalientes","0988","Lomas de Arellano","1763","008",,,,"Fijo","21.77558384","-102.26740152","2019-11"
"6912517","01001327121000481000000000U9","LADRILLERA PAREDES",,"327121","Fabricación de ladrillos no refractarios","0 a 5 personas","CALLE","CUÑAS","CALLE","BARRANCO","CALLE","CUMBRES","CALLE","ADOBES","0","SN",,,"0",,"FRACCIONAMIENTO","LOTES DE ARELLANO",,,,"20340","01","AGUASCALIENTES","001","Aguascalientes","0992","Lotes de Arellano","1763","005",,,,"Fijo","21.79524689","-102.27058966","2019-11"
"7066424","01001327121000671000000000U5","LADRILLERA PEDROZA",,"327121","Fabricación de ladrillos no refractarios","0 a 5 personas","CALLE","CALLE DE LA QUEMA","CALLE","ADOBES","CALLE","CUÑAS","CALLE","LADRILLERAS","310",,,,"0",,"FRACCIONAMIENTO","LOTES DE ARELLANO",,,,"20340","01","AGUASCALIENTES","001","Aguascalientes","0992","Lotes de Arellano","1763","003",,,,"Fijo","21.79521128","-102.26498186","2019-11"
"7066417","01001327121000632000000000U7","LADRILLERA PERICO",,"327121","Fabricación de ladrillos no refractarios","0 a 5 personas","CALLE","ADOBES","CALLE","CALLE DE LA QUEMA","CALLE","LADRILLERAS","CALLE","TABIQUES","0","SN",,,"0",,"FRACCIONAMIENTO","LOTES DE ARELLANO",,,,"20340","01","AGUASCALIENTES","001","Aguascalientes","0992","Lotes de Arellano","1763","002",,,,"Fijo","21.79600026","-102.26537217","2019-11"
"6912075","01001327121000251000000000U6","LADRILLERA RAMIREZ",,"327121","Fabricación de ladrillos no refractarios","0 a 5 personas","CALLE","TABIQUES","CALLE","LADRILLERAS","CALLE","CUMBRES","CALLE","ADOBES","10",,,,"0",,"FRACCIONAMIENTO","LOTES DE ARELLANO",,,,"20340","01","AGUASCALIENTES","001","Aguascalientes","0992","Lotes de Arellano","1763","001",,,,"Fijo","21.79701239","-102.26793025","2019-11"
"7461422","01005327121000321000000000U8","LADRILLERA REYES",,"327121","Fabricación de ladrillos no refractarios","0 a 5 personas",,"NINGUNO",,"NINGUNO",,"NINGUNO",,"NINGUNO",,"SN",,,,,"LOCALIDAD","LA CARTUJA",,,,"20916","01","AGUASCALIENTES","005","Jesús María","0375","El Barreno","0054","001","4493446849",,,"Fijo","21.98208806","-102.33677357","2019-11"
"7621837","01001327121000211000000000U0","LADRILLERA REYNALDO",,"327121","Fabricación de ladrillos no refractarios","0 a 5 personas","CALLE","EZEQUIEL PADILLA","CALLE","NINGUNO","OTRO(ESPECIFIQUE)","NINGUNO","CALLE","NINGUNO",,"SN",,,,,"LOCALIDAD","LOMAS DE ARELLANO",,,,"20394","01","AGUASCALIENTES","001","Aguascalientes","0988","Lomas de Arellano","1763","008",,,,"Fijo","21.77606792","-102.26565336","2019-11"
"7066418","01001327121000641000000000U8","LADRILLERA RODOLFO",,"327121","Fabricación de ladrillos no refractarios","0 a 5 personas","CALLE","ADOBES","CALLE","CALLE DE LA QUEMA","CALLE","LADRILLERAS","CALLE","TABIQUES","0","SN",,,"0",,"FRACCIONAMIENTO","LOTES DE ARELLANO",,,,"20340","01","AGUASCALIENTES","001","Aguascalientes","0992","Lotes de Arellano","1763","002",,,,"Fijo","21.79600863","-102.26578038","2019-11"
"7066429","01001327121000711000000000U9","LADRILLERA RUBEN ARTURO",,"327121","Fabricación de ladrillos no refractarios","0 a 5 personas","CALLE","ADOBES","CALLE","CALLE DE LA QUEMA","CALLE","LADRILLERAS","CALLE","CUÑAS","0","SN",,,"0",,"FRACCIONAMIENTO","LOTES DE ARELLANO",,,,"20340","01","AGUASCALIENTES","001","Aguascalientes","0992","Lotes de Arellano","1763","003",,,,"Fijo","21.79590809","-102.26618837","2019-11"
"8196371","01001327121000781000000000U2","LADRILLERA RUIZ",,"327121","Fabricación de ladrillos no refractarios","0 a 5 personas","CALLE","CALLE DEL HORNO","OTRO(ESPECIFIQUE)","NINGUNO","CALLE","CALLE DE LA QUEMA","CALLE","CUÑAS","406",,,,"0",,"FRACCIONAMIENTO","LOTES DE ARELLANO",,,,"20340","01","AGUASCALIENTES","001","Aguascalientes","0992","Lotes de Arellano","1763","011",,,,"Fijo","21.79388887","-102.26338538","2019-11"
"7408313","01007327121000053000000000U3","LADRILLERA SAN JUDITAS",,"327121","Fabricación de ladrillos no refractarios","6 a 10 personas","CALLE","JUAN PABLO II","CALLE","JUAN PABLO II","AVENIDA","UNIVERSIDAD","CALLE","JUAN PABLO II","0","SN",,,"0",,"COLONIA","INDEPENDENCIA",,,,"20410","01","AGUASCALIENTES","007","Rincón de Romos","0001","Rincón de Romos","0063","046","4651048024",,,"Fijo","22.2227811","-102.31406309","2019-11"
"49706","01005327121000131001000000U1","LADRILLERA SANTA ALEJANDRA",,"327121","Fabricación de ladrillos no refractarios","0 a 5 personas","CALLE","MIGUEL HIDALGO","OTRO(ESPECIFIQUE)","RIO","PRIVADA","NINGUNO","PRIVADA","PRIVADA DE LA CRUZ","0","SN",,,,,"COLONIA","LOS RAMIREZ",,,,"20904","01","AGUASCALIENTES","005","Jesús María","0076","Los Ramírez","0035","004","4491203648",,,"Fijo","21.97305051","-102.32739314","2014-12"
"8251022","01001327121000991000000000U7","LADRILLERA SANTILLAN",,"327121","Fabricación de ladrillos no refractarios","0 a 5 personas","CALLE","LOPEZ MATEOS","CALLE","LADRILLERAS","CALLE","CUMBRES","CALLE","ARCILLA","0","SN",,,"0",,"FRACCIONAMIENTO","LOTES DE ARELLANO",,,,"20340","01","AGUASCALIENTES","001","Aguascalientes","0992","Lotes de Arellano","1763","014",,,,"Fijo","21.79915414","-102.26809976","2019-11"
"47358","01007327121000031000000000U9","LADRILLERA SIN NOMBRE",,"327121","Fabricación de ladrillos no refractarios","6 a 10 personas","AVENIDA","UNIVERSIDAD","CALLE","JUAN PABLO II","CALLE","NINGUNO","CALLE","NINGUNO",,"SN",,,,,"COLONIA","INDEPENDENCIA",,,,"20410","01","AGUASCALIENTES","007","Rincón de Romos","0001","Rincón de Romos","0063","046","4651158143",,,"Fijo","22.2233115","-102.31659932","2014-12"
"7461144","01005327121000221000000000U0","LADRILLERA SIN NOMBRE",,"327121","Fabricación de ladrillos no refractarios","0 a 5 personas","CALLE","PRIMAVERA","CALLE","FRANCISCO I MADERO","CALLE","JOSEFA ORTIZ DE DOMINGUEZ","CALLE","FRANCISCO I MADERO",,"SN",,,,,"COLONIA","LOS RAMIREZ",,,,"20904","01","AGUASCALIENTES","005","Jesús María","0076","Los Ramírez","0035","006","4499115292",,,"Fijo","21.9717433","-102.32315669","2019-11"
"10084008","01007327121000091000000000U3","LADRILLERA SIN NOMBRE",,"327121","Fabricación de ladrillos no refractarios","0 a 5 personas","CALLE","FRANCISCO I MADERO","CALLE","VENUSTIANO CARRANZA","CALLE","NINGUNO","CALLE","NINGUNO",,"SN",,,,,"LOCALIDAD","SAN JACINTO",,,,"20425","01","AGUASCALIENTES","007","Rincón de Romos","0040","San Jacinto","028A","025",,,,"Fijo","22.34417876","-102.23320478","2024-11"
"8250265","01001327121000971000000000U9","LADRILLERA SIN NOMBRE",,"327121","Fabricación de ladrillos no refractarios","0 a 5 personas","CALLE","ADOBES","OTRO(ESPECIFIQUE)","NINGUNO","CALLE","BARRANCO","CALLE","CUÑAS",,"SN",,,,,"FRACCIONAMIENTO","LOTES DE ARELLANO",,,,"20340","01","AGUASCALIENTES","001","Aguascalientes","0992","Lotes de Arellano","1763","018",,,,"Fijo","21.79674876","-102.27331398","2019-11"
"9532057","01007327121000101000000000U0","LADRILLERA SIN NOMBRE",,"327121","Fabricación de ladrillos no refractarios","0 a 5 personas","CALLE","JUAN PABLO II","CALLE","JUAN PABLO II","AVENIDA","UNIVERSIDAD","CALLE","JUAN PABLO II",,"SN",,,,,"COLONIA","INDEPENDENCIA",,,,"20410","01","AGUASCALIENTES","007","Rincón de Romos","0001","Rincón de Romos","0063","046","4651124466",,,"Fijo","22.22246354","-102.31398435","2024-11"
"11326476","01005327121000331000000000U7","LADRILLERA SIN NOMBRE",,"327121","Fabricación de ladrillos no refractarios","0 a 5 personas","CALLE","NINGUNO","CALLE","NINGUNO","CALLE","NINGUNO","CALLE","NINGUNO","0","SN",,,,,"LOCALIDAD","RANCHO SECO",,,,"20916","01","AGUASCALIENTES","005","Jesús María","0001","Jesús María","0726","800",,,,"Fijo","21.98150453","-102.34662541","2024-11"
"10850216","01007327121000061000000000U6","LADRILLERA SIN NOMBRE",,"327121","Fabricación de ladrillos no refractarios","0 a 5 personas","CALLE","JUAN PABLO II","AVENIDA","UNIVERSIDAD","AVENIDA","UNIVERSIDAD","CALLE","JUAN PABLO II",,"SN",,,,,"COLONIA","INDEPENDENCIA",,,,"20410","01","AGUASCALIENTES","007","Rincón de Romos","0001","Rincón de Romos","0063","046","4651033826",,,"Fijo","22.223026","-102.31416117","2024-11"
"8251085","01001327121001111000000000U1","LADRILLERA SIN NOMBRE",,"327121","Fabricación de ladrillos no refractarios","0 a 5 personas","CALLE","CUÑAS","CALLE","LADRILLERAS","OTRO(ESPECIFIQUE)","NINGUNO","CALLE","CALLE DEL HORNO","25",,,,,,"FRACCIONAMIENTO","LOTES DE ARELLANO",,,,"20340","01","AGUASCALIENTES","001","Aguascalientes","0992","Lotes de Arellano","1763","013",,,,"Fijo","21.79531771","-102.27160055","2019-11"
"10563846","01005327121000431000000000U5","LADRILLERA SIN NOMBRE",,"327121","Fabricación de ladrillos no refractarios","0 a 5 personas","OTRO(ESPECIFIQUE)","NINGUNO","OTRO(ESPECIFIQUE)","NINGUNO","OTRO(ESPECIFIQUE)","NINGUNO","OTRO(ESPECIFIQUE)","NINGUNO","0","SN",,,,,"LOCALIDAD","COL GOBERNADORES",,,,"20916","01","AGUASCALIENTES","005","Jesús María","0001","Jesús María","0730","800","4494257785",,,"Fijo","21.98495736","-102.35698981","2024-11"
"9515029","01001327121001561000000000U7","LADRILLERA SIN NOMBRE",,"327121","Fabricación de ladrillos no refractarios","0 a 5 personas","CALLE","CUÑAS","CALLE","LADRILLERAS","OTRO(ESPECIFIQUE)","NINGUNO","CALLE","CALLE DEL HORNO","4",,,,,,"FRACCIONAMIENTO","LOTES DE ARELLANO",,,,"20340","01","AGUASCALIENTES","001","Aguascalientes","0992","Lotes de Arellano","1763","013",,,,"Fijo","21.79547057","-102.27241724","2024-11"
"7461145","01005327121000231000000000U9","LADRILLERA SIN NOMBRE",,"327121","Fabricación de ladrillos no refractarios","0 a 5 personas","OTRO(ESPECIFIQUE)","RIO","PRIVADA","CULEBRAS","PRIVADA","NINGUNO","CALLE","MIGUEL HIDALGO","0","SN",,,,,"COLONIA","LOS RAMIREZ",,,,"20904","01","AGUASCALIENTES","005","Jesús María","0076","Los Ramírez","0035","004","4491244093",,,"Fijo","21.97061342","-102.32946972","2019-11"
"10286403","01001327121001231000000000U7","LADRILLERA SIN NOMBRE",,"327121","Fabricación de ladrillos no refractarios","0 a 5 personas","CALLE","CUÑAS","CALLE","LADRILLERAS","OTRO(ESPECIFIQUE)","NINGUNO","CALLE","CALLE DEL HORNO","26",,,,,,"FRACCIONAMIENTO","LOTES DE ARELLANO",,,,"20340","01","AGUASCALIENTES","001","Aguascalientes","0992","Lotes de Arellano","1763","013",,,,"Fijo","21.79504789","-102.27020051","2024-11"
"7461148","01005327121000241000000000U8","LADRILLERA SIN NOMBRE",,"327121","Fabricación de ladrillos no refractarios","0 a 5 personas","PRIVADA","LOS CEDROS","PRIVADA","SAN PEDRO","PRIVADA","NINGUNO","CALLE","FRANCISCO I. MADERO","0","SN",,,,,"COLONIA","LOS VAZQUEZ",,,,"20904","01","AGUASCALIENTES","005","Jesús María","0076","Los Ramírez","0035","003","4492770308",,,"Fijo","21.97030257","-102.32625756","2019-11"
"11073788","01001327121001391000000000U9","LADRILLERA SIN NOMBRE",,"327121","Fabricación de ladrillos no refractarios","0 a 5 personas","CALLE","ARCILLA","CALLE","LADRILLERAS","CALLE","CUMBRES","CALLE","LOPEZ MATEOS",,"SN",,,,,"FRACCIONAMIENTO","LOTES DE ARELLANO",,,,"20340","01","AGUASCALIENTES","001","Aguascalientes","0992","Lotes de Arellano","1763","014",,,,"Fijo","21.7982084","-102.26911836","2024-11"
"10338802","01005327121000401000000000U8","LADRILLERA SIN NOMBRE",,"327121","Fabricación de ladrillos no refractarios","0 a 5 personas","CALLE","MIGUEL HIDALGO","PRIVADA","SAN NICOLAS","OTRO(ESPECIFIQUE)","CAMINO","CALLE","FRANCISCO I. MADERO","0","SN",,,,,"COLONIA","LOS RAMIREZ",,,,"20904","01","AGUASCALIENTES","005","Jesús María","0076","Los Ramírez","0035","001",,,,"Fijo","21.97375151","-102.32642168","2024-11"
"11109993","01001327121001461000000000U0","LADRILLERA SIN NOMBRE",,"327121","Fabricación de ladrillos no refractarios","0 a 5 personas","CALLE","CUÑAS","CALLE","BARRANCO","CALLE","CUMBRES","CALLE","ADOBES",,"SN",,,,,"FRACCIONAMIENTO","LOTES DE ARELLANO",,,,"20340","01","AGUASCALIENTES","001","Aguascalientes","0992","Lotes de Arellano","1763","005",,,,"Fijo","21.7954","-102.27126056","2024-11"
"10387182","01005327121000351000000000U5","LADRILLERA SIN NOMBRE",,"327121","Fabricación de ladrillos no refractarios","0 a 5 personas","CALLE","JESUS MARIA","CALLE","FRANCISCO I. MADERO","CALLE","JOSEFA ORTIZ DE DOMINGUEZ","CALLE","PRIMAVERA","0","SN",,,,,"COLONIA","LOS RAMIREZ",,,,"20904","01","AGUASCALIENTES","005","Jesús María","0076","Los Ramírez","0035","005","4491981294",,,"Fijo","21.97102101","-102.32130595","2024-11"
"11504251","01001327121001531000000000U0","LADRILLERA SIN NOMBRE",,"327121","Fabricación de ladrillos no refractarios","0 a 5 personas","CALLE","ADOBES","CALLE","LADRILLERAS","CALLE","CUMBRES","CALLE","TABIQUES",,"SN",,,,,"FRACCIONAMIENTO","LOTES DE ARELLANO",,,,"20340","01","AGUASCALIENTES","001","Aguascalientes","0992","Lotes de Arellano","1763","001",,,,"Fijo","21.79606884","-102.26769511","2024-11"
"11546105","01001327121001431000000000U3","LADRILLERA SIN NOMBRE",,"327121","Fabricación de ladrillos no refractarios","0 a 5 personas","CALLE","TABIQUES","CALLE","CUMBRES","CALLE","BARRANCO","CALLE","ADOBES",,"SN",,,,,"FRACCIONAMIENTO","LOTES DE ARELLANO",,,,"20340","01","AGUASCALIENTES","001","Aguascalientes","0992","Lotes de Arellano","1763","006",,,,"Fijo","21.797154","-102.26999094","2024-11"
"10280753","01001327121001313000000000U3","LADRILLERA SIN NOMBRE",,"327121","Fabricación de ladrillos no refractarios","11 a 30 personas","PRIVADA","GEMA","CALLE","OPALO","OTRO(ESPECIFIQUE)","ARROYO","CALLE","OPALO","0","SN",,,,,"LOCALIDAD","NORIAS DE OJOCALIENTE",,,,"20367","01","AGUASCALIENTES","001","Aguascalientes","0293","Norias de Ojocaliente","3929","030",,,,"Fijo","21.88548064","-102.223614","2024-11"
"29718","01001327121000161000000000U7","LADRILLERA SIN NOMBRE",,"327121","Fabricación de ladrillos no refractarios","0 a 5 personas","CALLE","CLAVEL","CALLE","NARDO","CALLE","JAZMIN","CALLE","IRIS","108",,,,"0",,,"NORIAS DE PASO HONDO",,,,"20384","01","AGUASCALIENTES","001","Aguascalientes","0357","Norias del Paso Hondo","4166","022",,,,"Semifijo","21.86500935","-102.20645615","2014-12"
"29719","01001327121000132000000000U8","LADRILLERA SIN NOMBRE",,"327121","Fabricación de ladrillos no refractarios","0 a 5 personas","CALLE","CLAVEL","CALLE","NARDO","CALLE","JAZMIN","CALLE","CLAVEL","112",,,,"0",,,"NORIAS DE PASO HONDO",,,,"20384","01","AGUASCALIENTES","001","Aguascalientes","0357","Norias del Paso Hondo","4166","022",,,,"Semifijo","21.86464596","-102.20668896","2014-12"
"29721","01001327121000151000000000U8","LADRILLERA SIN NOMBRE",,"327121","Fabricación de ladrillos no refractarios","6 a 10 personas","CALLE","CLAVEL","CALLE","NARDO","CALLE","JAZMIN","CALLE","NARDO",,"SN",,,,,,"NORIAS DE PASO HONDO",,,,"20384","01","AGUASCALIENTES","001","Aguascalientes","0357","Norias del Paso Hondo","4166","022",,,,"Semifijo","21.86569979","-102.20600019","2014-12"
"9734214","01001327121001361000000000U2","LADRILLERA SIN NOMBRE",,"327121","Fabricación de ladrillos no refractarios","0 a 5 personas","CALLE","CORAL","PRIVADA","NINGUNO","OTRO(ESPECIFIQUE)","NINGUNO","CALLE","RUBI","0","SN",,,,,"LOCALIDAD","NORIAS DE OJOCALIENTE",,,,"20367","01","AGUASCALIENTES","001","Aguascalientes","0293","Norias de Ojocaliente","3666","004",,,,"Fijo","21.88811532","-102.21557541","2024-11"
"10342311","01001327121001371000000000U1","LADRILLERA SIN NOMBRE",,"327121","Fabricación de ladrillos no refractarios","0 a 5 personas","CALLE","TOPACIO","OTRO(ESPECIFIQUE)","ARROYO","CALLE","MARFIL","OTRO(ESPECIFIQUE)","ARROYO","0","SN",,,,,"LOCALIDAD","NORIAS DE OJOCALIENTE",,,,"20367","01","AGUASCALIENTES","001","Aguascalientes","0293","Norias de Ojocaliente","3666","006",,,,"Fijo","21.89169584","-102.21251756","2024-11"
"10205057","01001327121001541000000000U9","LADRILLERA SIN NOMBRE",,"327121","Fabricación de ladrillos no refractarios","0 a 5 personas","PRIVADA","NINGUNO","PRIVADA","NINGUNO","OTRO(ESPECIFIQUE)","ARROYO","OTRO(ESPECIFIQUE)","ARROYO","0","SN",,,,,"LOCALIDAD","NORIAS DE OJOCALIENTE",,,,"20367","01","AGUASCALIENTES","001","Aguascalientes","0293","Norias de Ojocaliente","3929","014",,,,"Fijo","21.89038528","-102.21503443","2024-11"
"52008","01001327121000083000000000U3","LADRILLERA SIN NOMBRE",,"327121","Fabricación de ladrillos no refractarios","11 a 30 personas","CALLE","TOPACIO","OTRO(ESPECIFIQUE)","ARROYO","CALLE","MARFIL","OTRO(ESPECIFIQUE)","ARROYO","0","SN",,,,,"LOCALIDAD","NORIAS DE OJOCALIENTE",,,,"20367","01","AGUASCALIENTES","001","Aguascalientes","0293","Norias de Ojocaliente","3666","006","4491904090",,,"Fijo","21.89135948","-102.21289633","2010-07"
"9705870","01007327121000082000000000U2","LADRILLERA SOCOYOTE",,"327121","Fabricación de ladrillos no refractarios","6 a 10 personas","CALLE","JUAN PABLO II","CALLE","JUAN PABLO II","AVENIDA","UNIVERSIDAD","CALLE","JUAN PABLO II",,"SN",,,,,"COLONIA","INDEPENDENCIA",,,,"20410","01","AGUASCALIENTES","007","Rincón de Romos","0001","Rincón de Romos","0063","046","4651041551",,,"Fijo","22.22290809","-102.31411214","2024-11"
"8251026","01001327121001011000000000U3","LADRILLERA TAPIA",,"327121","Fabricación de ladrillos no refractarios","0 a 5 personas","CALLE","CUMBRES","CALLE","TABIQUES","CALLE","LISTONES","CALLE","TABIQUES","0","SN",,,"0",,"FRACCIONAMIENTO","LOTES DE ARELLANO",,,,"20340","01","AGUASCALIENTES","001","Aguascalientes","0992","Lotes de Arellano","1763","020",,,,"Fijo","21.79848005","-102.26948822","2019-11"
"7066422","01001327121000661000000000U6","LADRILLERA TOÑO",,"327121","Fabricación de ladrillos no refractarios","0 a 5 personas","CALLE","TABIQUES","CALLE","CALLE DE LA QUEMA","CALLE","LADRILLERAS","CALLE","ADOBES","0","SN",,,"0",,"FRACCIONAMIENTO","LOTES DE ARELLANO",,,,"20340","01","AGUASCALIENTES","001","Aguascalientes","0992","Lotes de Arellano","1763","002",,,,"Fijo","21.79695351","-102.26524772","2019-11"
"8388013","01005327121000181000000000U6","LADRILLERA URZUA",,"327121","Fabricación de ladrillos no refractarios","0 a 5 personas","CARRETERA","LOCALIDAD 800","OTRO(ESPECIFIQUE)","NINGUNO","OTRO(ESPECIFIQUE)","NINGUNO","OTRO(ESPECIFIQUE)","NINGUNO",,"DOMICILIO CONOCIDO",,,,,"LOCALIDAD","LAS ADJUNTAS",,,,"20905","01","AGUASCALIENTES","005","Jesús María","0428","Las Adjuntas","0035","800",,,,"Fijo","21.96783745","-102.32011109","2019-11"
"6912515","01001327121000471000000000U0","LADRILLERA VALDEZ",,"327121","Fabricación de ladrillos no refractarios","0 a 5 personas","CALLE","ADOBES","CALLE","BARRANCO","CALLE","CUMBRES","CALLE","CUÑAS","0","SN",,,"0",,"FRACCIONAMIENTO","LOTES DE ARELLANO",,,,"20340","01","AGUASCALIENTES","001","Aguascalientes","0992","Lotes de Arellano","1763","005",,,,"Fijo","21.79647885","-102.27197223","2019-11"
"10609688","01001327121001382000000000U8","LADRILLERA VALDEZ",,"327121","Fabricación de ladrillos no refractarios","6 a 10 personas","CALLE","TOPACIO","OTRO(ESPECIFIQUE)","ARROYO","CALLE","MARFIL","OTRO(ESPECIFIQUE)","ARROYO","0","SN",,,"101","A","LOCALIDAD","NORIAS DE OJOCALIENTE",,,,"20367","01","AGUASCALIENTES","001","Aguascalientes","0293","Norias de Ojocaliente","3666","006",,,,"Fijo","21.89077763","-102.21356648","2024-11"
"6912131","01001327121000351000000000U4","LADRILLERA VAZQUEZ",,"327121","Fabricación de ladrillos no refractarios","0 a 5 personas","CALLE","ARCILLA","CALLE","LADRILLERAS","CALLE","CUMBRES","CALLE","LOPEZ MATEOS","0","SN",,,"0",,"FRACCIONAMIENTO","LOTES DE ARELLANO",,,,"20340","01","AGUASCALIENTES","001","Aguascalientes","0992","Lotes de Arellano","1763","014",,,,"Fijo","21.79811187","-102.26722296","2019-11"
"7066310","01001327121000491000000000U8","LADRILLERA VAZQUEZ",,"327121","Fabricación de ladrillos no refractarios","0 a 5 personas","CALLE","TABIQUES","CALLE","CALLE DE LA QUEMA","CALLE","LADRILLERAS","CALLE","ARCILLA","3",,,,"0",,"FRACCIONAMIENTO","LOTES DE ARELLANO",,,,"20340","01","AGUASCALIENTES","001","Aguascalientes","0992","Lotes de Arellano","1763","009",,,,"Fijo","21.79707113","-102.26546176","2019-11"
"9849868","01001327121001401000000000U6","LADRLLERA",,"327121","Fabricación de ladrillos no refractarios","0 a 5 personas","CALLE","ADOBES","CALLE","CALLE DE LA QUEMA","CALLE","LADRILLERAS","CALLE","CUÑAS","0","SN",,,,,"FRACCIONAMIENTO","LOTES DE ARELLANO",,,,"20340","01","AGUASCALIENTES","001","Aguascalientes","0992","Lotes de Arellano","1763","003",,,,"Fijo","21.79589953","-102.26588707","2024-11"
"7408261","01007327121000041000000000U8","RANCHO LA MEZQUITERA",,"327121","Fabricación de ladrillos no refractarios","0 a 5 personas","CALLE","JUAN PABLO II","CALLE","JUAN PABLO II","AVENIDA","UNIVERSIDAD","CALLE","JUAN PABLO II","0","SN",,,"0",,"COLONIA","INDEPENDENCIA",,,,"20410","01","AGUASCALIENTES","007","Rincón de Romos","0001","Rincón de Romos","0063","046","4651017463",,,"Fijo","22.22260873","-102.31401394","2019-11"
"49704","01005327121000081000000000U8","VENTA DE LADRILLO",,"327121","Fabricación de ladrillos no refractarios","0 a 5 personas","CALLE","MIGUEL HIDALGO","PRIVADA","SAN NICOLAS","PRIVADA","SAN NICOLAS","CALLE","FRANCISCO I. MADERO","0","SN",,,,,"COLONIA","LOS RAMIREZ",,,,"20904","01","AGUASCALIENTES","005","Jesús María","0076","Los Ramírez","0035","001","4499559562",,,"Fijo","21.97365142","-102.32653821","2014-12"
"10740346","01005327121000391000000000U1","VENTA DE LADRILLO",,"327121","Fabricación de ladrillos no refractarios","0 a 5 personas","CALLE","JESUS MARIA","CALLE","FRANCISCO I. MADERO","CALLE","JOSEFA ORTIZ DE DOMINGUEZ","CALLE","PRIMAVERA","115",,,,,,"COLONIA","LOS RAMIREZ",,,,"20904","01","AGUASCALIENTES","005","Jesús María","0076","Los Ramírez","0035","005","4495478177",,,"Fijo","21.97123011","-102.32115075","2024-11"
"10798333","01007327121000011000000000U1","VENTA DE LADRILLO SIN NOMBRE",,"327121","Fabricación de ladrillos no refractarios","6 a 10 personas","AVENIDA","MORELOS","CALLE","LA PEDRERA","CALLE","LA PEDRERA","CALLE","LA PEDRERA",,"SN",,,,,"COLONIA","SANTA ELENA",,,,"20403","01","AGUASCALIENTES","007","Rincón de Romos","0001","Rincón de Romos","0059","046","4651080054",,,"Fijo","22.23765202","-102.31778394","2024-11"
"10037186","01005327121000381000000000S2","VENTA DE LADRILLOS BODEGA",,"327121","Fabricación de ladrillos no refractarios","0 a 5 personas","CALLE","LAS FLORES","CALLE","MARIANO MATAMOROS","CALLE","IGNACIO ALLENDE","CALLE","BELTRAN","0","SN",,,,,"COLONIA","ZONA CENTRO",,,,"20900","01","AGUASCALIENTES","005","Jesús María","0001","Jesús María","0020","001",,,,"Fijo","21.96322034","-102.34792091","2024-11"
